Date,Time,Digital code,Letter code,Quantity,Name,Value
27.04.2020,00.00,978,EUR,1,Євро,29.3306
28.04.2020,00.00,978,EUR,1,Євро,29.4184
29.04.2020,00.00,978,EUR,1,Євро,29.4274
30.04.2020,00.00,978,EUR,1,Євро,29.2424
01.05.2020,00.00,978,EUR,1,Євро,29.2424
02.05.2020,00.00,978,EUR,1,Євро,29.2424
03.05.2020,00.00,978,EUR,1,Євро,29.2424
04.05.2020,00.00,978,EUR,1,Євро,29.2939
05.05.2020,00.00,978,EUR,1,Євро,29.5078
06.05.2020,00.00,978,EUR,1,Євро,29.2691
07.05.2020,00.00,978,EUR,1,Євро,29.1017
08.05.2020,00.00,978,EUR,1,Євро,28.9117
09.05.2020,00.00,978,EUR,1,Євро,28.9117
10.05.2020,00.00,978,EUR,1,Євро,28.9117
11.05.2020,00.00,978,EUR,1,Євро,28.9117
12.05.2020,00.00,978,EUR,1,Євро,29.0966
13.05.2020,00.00,978,EUR,1,Євро,29.0843
14.05.2020,00.00,978,EUR,1,Євро,29.0291
15.05.2020,00.00,978,EUR,1,Євро,28.7869
16.05.2020,00.00,978,EUR,1,Євро,28.7869
17.05.2020,00.00,978,EUR,1,Євро,28.7869
18.05.2020,00.00,978,EUR,1,Євро,28.7677
19.05.2020,00.00,978,EUR,1,Євро,28.791
20.05.2020,00.00,978,EUR,1,Євро,29.0217
21.05.2020,00.00,978,EUR,1,Євро,29.1403
22.05.2020,00.00,978,EUR,1,Євро,29.4616
23.05.2020,00.00,978,EUR,1,Євро,29.4616
24.05.2020,00.00,978,EUR,1,Євро,29.4616
25.05.2020,00.00,978,EUR,1,Євро,29.1676
26.05.2020,00.00,978,EUR,1,Євро,29.3157
27.05.2020,00.00,978,EUR,1,Євро,29.5084
28.05.2020,00.00,978,EUR,1,Євро,29.7151
29.05.2020,00.00,978,EUR,1,Євро,29.6234
30.05.2020,00.00,978,EUR,1,Євро,29.6234
31.05.2020,00.00,978,EUR,1,Євро,29.6234
01.06.2020,00.00,978,EUR,1,Євро,29.9275
02.06.2020,00.00,978,EUR,1,Євро,29.8043
03.06.2020,00.00,978,EUR,1,Євро,29.9185
04.06.2020,00.00,978,EUR,1,Євро,29.9609
05.06.2020,00.00,978,EUR,1,Євро,29.9975
06.06.2020,00.00,978,EUR,1,Євро,29.9975
07.06.2020,00.00,978,EUR,1,Євро,29.9975
08.06.2020,00.00,978,EUR,1,Євро,29.9975
09.06.2020,00.00,978,EUR,1,Євро,30.1477
10.06.2020,00.00,978,EUR,1,Євро,30.0872
11.06.2020,00.00,978,EUR,1,Євро,30.2859
12.06.2020,00.00,978,EUR,1,Євро,30.1723
13.06.2020,00.00,978,EUR,1,Євро,30.1723
14.06.2020,00.00,978,EUR,1,Євро,30.1723
15.06.2020,00.00,978,EUR,1,Євро,30.2119
16.06.2020,00.00,978,EUR,1,Євро,30.2062
17.06.2020,00.00,978,EUR,1,Євро,30.239
18.06.2020,00.00,978,EUR,1,Євро,30.0681
19.06.2020,00.00,978,EUR,1,Євро,30.0579
20.06.2020,00.00,978,EUR,1,Євро,30.0579
21.06.2020,00.00,978,EUR,1,Євро,30.0579
22.06.2020,00.00,978,EUR,1,Євро,29.9953
23.06.2020,00.00,978,EUR,1,Євро,29.8952
24.06.2020,00.00,978,EUR,1,Євро,30.1227
25.06.2020,00.00,978,EUR,1,Євро,30.0675
26.06.2020,00.00,978,EUR,1,Євро,29.9122
27.06.2020,00.00,978,EUR,1,Євро,29.9122
28.06.2020,00.00,978,EUR,1,Євро,29.9122
29.06.2020,00.00,978,EUR,1,Євро,29.9122
30.06.2020,00.00,978,EUR,1,Євро,29.95
01.07.2020,00.00,978,EUR,1,Євро,29.8677
02.07.2020,00.00,978,EUR,1,Євро,29.9971
03.07.2020,00.00,978,EUR,1,Євро,30.6592
04.07.2020,00.00,978,EUR,1,Євро,30.6592
05.07.2020,00.00,978,EUR,1,Євро,30.6592
06.07.2020,00.00,978,EUR,1,Євро,30.5069
07.07.2020,00.00,978,EUR,1,Євро,30.7226
08.07.2020,00.00,978,EUR,1,Євро,30.409
09.07.2020,00.00,978,EUR,1,Євро,30.4295
10.07.2020,00.00,978,EUR,1,Євро,30.5359
11.07.2020,00.00,978,EUR,1,Євро,30.5359
12.07.2020,00.00,978,EUR,1,Євро,30.5359
13.07.2020,00.00,978,EUR,1,Євро,30.3988
14.07.2020,00.00,978,EUR,1,Євро,30.687
15.07.2020,00.00,978,EUR,1,Євро,30.8745
16.07.2020,00.00,978,EUR,1,Євро,31.0309
17.07.2020,00.00,978,EUR,1,Євро,31.129
18.07.2020,00.00,978,EUR,1,Євро,31.129
19.07.2020,00.00,978,EUR,1,Євро,31.129
20.07.2020,00.00,978,EUR,1,Євро,31.2554
21.07.2020,00.00,978,EUR,1,Євро,31.5908
22.07.2020,00.00,978,EUR,1,Євро,31.6719
23.07.2020,00.00,978,EUR,1,Євро,32.1898
24.07.2020,00.00,978,EUR,1,Євро,32.2366
25.07.2020,00.00,978,EUR,1,Євро,32.2366
26.07.2020,00.00,978,EUR,1,Євро,32.2366
27.07.2020,00.00,978,EUR,1,Євро,32.2246
28.07.2020,00.00,978,EUR,1,Євро,32.6049
29.07.2020,00.00,978,EUR,1,Євро,32.4539
30.07.2020,00.00,978,EUR,1,Євро,32.4696
31.07.2020,00.00,978,EUR,1,Євро,32.547
01.08.2020,00.00,978,EUR,1,Євро,32.547
02.08.2020,00.00,978,EUR,1,Євро,32.547
03.08.2020,00.00,978,EUR,1,Євро,32.7812
04.08.2020,00.00,978,EUR,1,Євро,32.5169
05.08.2020,00.00,978,EUR,1,Євро,32.7234
06.08.2020,00.00,978,EUR,1,Євро,32.9012
07.08.2020,00.00,978,EUR,1,Євро,32.7972
08.08.2020,00.00,978,EUR,1,Євро,32.7972
09.08.2020,00.00,978,EUR,1,Євро,32.7972
10.08.2020,00.00,978,EUR,1,Євро,32.6848
11.08.2020,00.00,978,EUR,1,Євро,32.4653
12.08.2020,00.00,978,EUR,1,Євро,32.5562
13.08.2020,00.00,978,EUR,1,Євро,32.3961
14.08.2020,00.00,978,EUR,1,Євро,32.4185
15.08.2020,00.00,978,EUR,1,Євро,32.4185
16.08.2020,00.00,978,EUR,1,Євро,32.4185
17.08.2020,00.00,978,EUR,1,Євро,32.3082
18.08.2020,00.00,978,EUR,1,Євро,32.3741
19.08.2020,00.00,978,EUR,1,Євро,32.4973
20.08.2020,00.00,978,EUR,1,Євро,32.6044
21.08.2020,00.00,978,EUR,1,Євро,32.5529
22.08.2020,00.00,978,EUR,1,Євро,32.5529
23.08.2020,00.00,978,EUR,1,Євро,32.5529
24.08.2020,00.00,978,EUR,1,Євро,32.5529
25.08.2020,00.00,978,EUR,1,Євро,32.2416
26.08.2020,00.00,978,EUR,1,Євро,32.4087
27.08.2020,00.00,978,EUR,1,Євро,32.2812
28.08.2020,00.00,978,EUR,1,Євро,32.4279
29.08.2020,00.00,978,EUR,1,Євро,32.4279
30.08.2020,00.00,978,EUR,1,Євро,32.4279
31.08.2020,00.00,978,EUR,1,Євро,32.7334
01.09.2020,00.00,978,EUR,1,Євро,32.895
02.09.2020,00.00,978,EUR,1,Євро,33.0721
03.09.2020,00.00,978,EUR,1,Євро,32.7996
04.09.2020,00.00,978,EUR,1,Євро,32.7319
05.09.2020,00.00,978,EUR,1,Євро,32.7319
06.09.2020,00.00,978,EUR,1,Євро,32.7319
07.09.2020,00.00,978,EUR,1,Євро,32.8589
08.09.2020,00.00,978,EUR,1,Євро,32.8099
09.09.2020,00.00,978,EUR,1,Євро,32.798
10.09.2020,00.00,978,EUR,1,Євро,32.768
11.09.2020,00.00,978,EUR,1,Євро,32.9687
12.09.2020,00.00,978,EUR,1,Євро,32.9687
13.09.2020,00.00,978,EUR,1,Євро,32.9687
14.09.2020,00.00,978,EUR,1,Євро,33.0674
15.09.2020,00.00,978,EUR,1,Євро,33.2476
16.09.2020,00.00,978,EUR,1,Євро,33.3441
17.09.2020,00.00,978,EUR,1,Євро,33.3877
18.09.2020,00.00,978,EUR,1,Євро,33.1744
19.09.2020,00.00,978,EUR,1,Євро,33.1744
20.09.2020,00.00,978,EUR,1,Євро,33.1744
21.09.2020,00.00,978,EUR,1,Євро,33.3456
22.09.2020,00.00,978,EUR,1,Євро,33.1996
23.09.2020,00.00,978,EUR,1,Євро,33.1151
24.09.2020,00.00,978,EUR,1,Євро,32.9609
25.09.2020,00.00,978,EUR,1,Євро,32.8942
26.09.2020,00.00,978,EUR,1,Євро,32.8942
27.09.2020,00.00,978,EUR,1,Євро,32.8942
28.09.2020,00.00,978,EUR,1,Євро,32.8763
29.09.2020,00.00,978,EUR,1,Євро,33.0376
30.09.2020,00.00,978,EUR,1,Євро,33.1309
01.10.2020,00.00,978,EUR,1,Євро,33.1643
02.10.2020,00.00,978,EUR,1,Євро,33.3282
03.10.2020,00.00,978,EUR,1,Євро,33.3282
04.10.2020,00.00,978,EUR,1,Євро,33.3282
05.10.2020,00.00,978,EUR,1,Євро,33.2324
06.10.2020,00.00,978,EUR,1,Євро,33.4037
07.10.2020,00.00,978,EUR,1,Євро,33.4822
08.10.2020,00.00,978,EUR,1,Євро,33.3303
09.10.2020,00.00,978,EUR,1,Євро,33.2799
10.10.2020,00.00,978,EUR,1,Євро,33.2799
11.10.2020,00.00,978,EUR,1,Євро,33.2799
12.10.2020,00.00,978,EUR,1,Євро,33.2791
13.10.2020,00.00,978,EUR,1,Євро,33.3398
14.10.2020,00.00,978,EUR,1,Євро,33.3398
15.10.2020,00.00,978,EUR,1,Євро,33.3935
16.10.2020,00.00,978,EUR,1,Євро,33.1764
17.10.2020,00.00,978,EUR,1,Євро,33.1764
18.10.2020,00.00,978,EUR,1,Євро,33.1764
19.10.2020,00.00,978,EUR,1,Євро,33.3018
20.10.2020,00.00,978,EUR,1,Євро,33.4343
21.10.2020,00.00,978,EUR,1,Євро,33.5044
22.10.2020,00.00,978,EUR,1,Євро,33.5312
23.10.2020,00.00,978,EUR,1,Євро,33.4106
24.10.2020,00.00,978,EUR,1,Євро,33.4106
25.10.2020,00.00,978,EUR,1,Євро,33.4106
26.10.2020,00.00,978,EUR,1,Євро,33.549
27.10.2020,00.00,978,EUR,1,Євро,33.4908
28.10.2020,00.00,978,EUR,1,Євро,33.5578
29.10.2020,00.00,978,EUR,1,Євро,33.3133
30.10.2020,00.00,978,EUR,1,Євро,33.2984
31.10.2020,00.00,978,EUR,1,Євро,33.2984
01.11.2020,00.00,978,EUR,1,Євро,33.2984
02.11.2020,00.00,978,EUR,1,Євро,33.2475
03.11.2020,00.00,978,EUR,1,Євро,33.2917
04.11.2020,00.00,978,EUR,1,Євро,33.4806
05.11.2020,00.00,978,EUR,1,Євро,33.4249
06.11.2020,00.00,978,EUR,1,Євро,33.5819
07.11.2020,00.00,978,EUR,1,Євро,33.5819
08.11.2020,00.00,978,EUR,1,Євро,33.5819
09.11.2020,00.00,978,EUR,1,Євро,33.4245
10.11.2020,00.00,978,EUR,1,Євро,33.3938
11.11.2020,00.00,978,EUR,1,Євро,33.2006
12.11.2020,00.00,978,EUR,1,Євро,33.1441
13.11.2020,00.00,978,EUR,1,Євро,33.266
14.11.2020,00.00,978,EUR,1,Євро,33.266
15.11.2020,00.00,978,EUR,1,Євро,33.266
16.11.2020,00.00,978,EUR,1,Євро,33.2118
17.11.2020,00.00,978,EUR,1,Євро,33.241
18.11.2020,00.00,978,EUR,1,Євро,33.3964
19.11.2020,00.00,978,EUR,1,Євро,33.3608
20.11.2020,00.00,978,EUR,1,Євро,33.4353
21.11.2020,00.00,978,EUR,1,Євро,33.4353
22.11.2020,00.00,978,EUR,1,Євро,33.4353
23.11.2020,00.00,978,EUR,1,Євро,33.6266
24.11.2020,00.00,978,EUR,1,Євро,33.7553
25.11.2020,00.00,978,EUR,1,Євро,33.6801
26.11.2020,00.00,978,EUR,1,Євро,33.784
27.11.2020,00.00,978,EUR,1,Євро,33.8455
28.11.2020,00.00,978,EUR,1,Євро,33.8455
29.11.2020,00.00,978,EUR,1,Євро,33.8455
30.11.2020,00.00,978,EUR,1,Євро,33.9596
01.12.2020,00.00,978,EUR,1,Євро,34.1456
02.12.2020,00.00,978,EUR,1,Євро,34.2157
03.12.2020,00.00,978,EUR,1,Євро,34.316
04.12.2020,00.00,978,EUR,1,Євро,34.4047
05.12.2020,00.00,978,EUR,1,Євро,34.4047
06.12.2020,00.00,978,EUR,1,Євро,34.4047
07.12.2020,00.00,978,EUR,1,Євро,34.3895
08.12.2020,00.00,978,EUR,1,Євро,34.2586
09.12.2020,00.00,978,EUR,1,Євро,34.0546
10.12.2020,00.00,978,EUR,1,Євро,33.9558
11.12.2020,00.00,978,EUR,1,Євро,33.9946
12.12.2020,00.00,978,EUR,1,Євро,33.9946
13.12.2020,00.00,978,EUR,1,Євро,33.9946
14.12.2020,00.00,978,EUR,1,Євро,33.8941
15.12.2020,00.00,978,EUR,1,Євро,33.888
16.12.2020,00.00,978,EUR,1,Євро,33.6897
17.12.2020,00.00,978,EUR,1,Євро,33.8021
18.12.2020,00.00,978,EUR,1,Євро,34.0789
19.12.2020,00.00,978,EUR,1,Євро,34.0789
20.12.2020,00.00,978,EUR,1,Євро,34.0789
21.12.2020,00.00,978,EUR,1,Євро,34.1018
22.12.2020,00.00,978,EUR,1,Євро,34.1811
23.12.2020,00.00,978,EUR,1,Євро,34.5669
24.12.2020,00.00,978,EUR,1,Євро,34.6156
25.12.2020,00.00,978,EUR,1,Євро,34.6156
26.12.2020,00.00,978,EUR,1,Євро,34.6156
27.12.2020,00.00,978,EUR,1,Євро,34.6156
28.12.2020,00.00,978,EUR,1,Євро,34.5601
29.12.2020,00.00,978,EUR,1,Євро,34.6458
30.12.2020,00.00,978,EUR,1,Євро,34.6375
31.12.2020,00.00,978,EUR,1,Євро,34.7396
01.01.2021,00.00,978,EUR,1,Євро,34.7396
02.01.2021,00.00,978,EUR,1,Євро,34.7396
03.01.2021,00.00,978,EUR,1,Євро,34.7396
04.01.2021,00.00,978,EUR,1,Євро,34.7396
05.01.2021,00.00,978,EUR,1,Євро,34.9389
06.01.2021,00.00,978,EUR,1,Євро,34.846
07.01.2021,00.00,978,EUR,1,Євро,34.846
08.01.2021,00.00,978,EUR,1,Євро,34.846
09.01.2021,00.00,978,EUR,1,Євро,34.846
10.01.2021,00.00,978,EUR,1,Євро,34.846
11.01.2021,00.00,978,EUR,1,Євро,34.909
12.01.2021,00.00,978,EUR,1,Євро,34.2817
13.01.2021,00.00,978,EUR,1,Євро,34.0787
14.01.2021,00.00,978,EUR,1,Євро,34.0373
15.01.2021,00.00,978,EUR,1,Євро,33.9888
16.01.2021,00.00,978,EUR,1,Євро,34.0121
17.01.2021,00.00,978,EUR,1,Євро,34.0121
18.01.2021,00.00,978,EUR,1,Євро,34.0121
19.01.2021,00.00,978,EUR,1,Євро,34.0158
20.01.2021,00.00,978,EUR,1,Євро,34.1555
21.01.2021,00.00,978,EUR,1,Євро,34.1488
22.01.2021,00.00,978,EUR,1,Євро,34.3651
23.01.2021,00.00,978,EUR,1,Євро,34.3651
24.01.2021,00.00,978,EUR,1,Євро,34.3651
25.01.2021,00.00,978,EUR,1,Євро,34.2526
26.01.2021,00.00,978,EUR,1,Євро,34.2265
27.01.2021,00.00,978,EUR,1,Євро,34.1897
28.01.2021,00.00,978,EUR,1,Євро,34.1207
29.01.2021,00.00,978,EUR,1,Євро,34.1035
30.01.2021,00.00,978,EUR,1,Євро,34.1035
31.01.2021,00.00,978,EUR,1,Євро,34.1035
01.02.2021,00.00,978,EUR,1,Євро,34.157
02.02.2021,00.00,978,EUR,1,Євро,33.9039
03.02.2021,00.00,978,EUR,1,Євро,33.7913
04.02.2021,00.00,978,EUR,1,Євро,33.6374
05.02.2021,00.00,978,EUR,1,Євро,33.4509
06.02.2021,00.00,978,EUR,1,Євро,33.4509
07.02.2021,00.00,978,EUR,1,Євро,33.4509
08.02.2021,00.00,978,EUR,1,Євро,33.2823
09.02.2021,00.00,978,EUR,1,Євро,33.2604
10.02.2021,00.00,978,EUR,1,Євро,33.4406
11.02.2021,00.00,978,EUR,1,Євро,33.6655
12.02.2021,00.00,978,EUR,1,Євро,33.8111
13.02.2021,00.00,978,EUR,1,Євро,33.8111
14.02.2021,00.00,978,EUR,1,Євро,33.8111
15.02.2021,00.00,978,EUR,1,Євро,33.6801
16.02.2021,00.00,978,EUR,1,Євро,33.9297
17.02.2021,00.00,978,EUR,1,Євро,33.7708
18.02.2021,00.00,978,EUR,1,Євро,33.6422
19.02.2021,00.00,978,EUR,1,Євро,33.6478
20.02.2021,00.00,978,EUR,1,Євро,33.6478
21.02.2021,00.00,978,EUR,1,Євро,33.6478
22.02.2021,00.00,978,EUR,1,Євро,33.7768
23.02.2021,00.00,978,EUR,1,Євро,33.8866
24.02.2021,00.00,978,EUR,1,Євро,33.883
25.02.2021,00.00,978,EUR,1,Євро,33.9289
26.02.2021,00.00,978,EUR,1,Євро,34.1459
27.02.2021,00.00,978,EUR,1,Євро,34.1459
28.02.2021,00.00,978,EUR,1,Євро,34.1459
01.03.2021,00.00,978,EUR,1,Євро,33.8449
02.03.2021,00.00,978,EUR,1,Євро,33.717
03.03.2021,00.00,978,EUR,1,Євро,33.6006
04.03.2021,00.00,978,EUR,1,Євро,33.5565
05.03.2021,00.00,978,EUR,1,Євро,33.4062
06.03.2021,00.00,978,EUR,1,Євро,33.4062
07.03.2021,00.00,978,EUR,1,Євро,33.4062
08.03.2021,00.00,978,EUR,1,Євро,33.4062
09.03.2021,00.00,978,EUR,1,Євро,33.075
10.03.2021,00.00,978,EUR,1,Євро,32.9741
11.03.2021,00.00,978,EUR,1,Євро,32.9317
12.03.2021,00.00,978,EUR,1,Євро,33.1748
13.03.2021,00.00,978,EUR,1,Євро,33.1748
14.03.2021,00.00,978,EUR,1,Євро,33.1748
15.03.2021,00.00,978,EUR,1,Євро,33.0839
16.03.2021,00.00,978,EUR,1,Євро,32.9523
17.03.2021,00.00,978,EUR,1,Євро,32.9632
18.03.2021,00.00,978,EUR,1,Євро,32.9853
19.03.2021,00.00,978,EUR,1,Євро,32.9785
20.03.2021,00.00,978,EUR,1,Євро,32.9785
21.03.2021,00.00,978,EUR,1,Євро,32.9785
22.03.2021,00.00,978,EUR,1,Євро,32.9502
23.03.2021,00.00,978,EUR,1,Євро,33.0072
24.03.2021,00.00,978,EUR,1,Євро,32.9329
25.03.2021,00.00,978,EUR,1,Євро,32.9389
26.03.2021,00.00,978,EUR,1,Євро,33.0337
27.03.2021,00.00,978,EUR,1,Євро,33.0337
28.03.2021,00.00,978,EUR,1,Євро,33.0337
29.03.2021,00.00,978,EUR,1,Євро,32.9532
30.03.2021,00.00,978,EUR,1,Євро,32.9661
31.03.2021,00.00,978,EUR,1,Євро,32.7233
01.04.2021,00.00,978,EUR,1,Євро,32.629
02.04.2021,00.00,978,EUR,1,Євро,32.7003
03.04.2021,00.00,978,EUR,1,Євро,32.7003
04.04.2021,00.00,978,EUR,1,Євро,32.7003
05.04.2021,00.00,978,EUR,1,Євро,32.8365
06.04.2021,00.00,978,EUR,1,Євро,32.8632
07.04.2021,00.00,978,EUR,1,Євро,32.898
08.04.2021,00.00,978,EUR,1,Євро,33.1388
09.04.2021,00.00,978,EUR,1,Євро,33.2266
10.04.2021,00.00,978,EUR,1,Євро,33.2266
11.04.2021,00.00,978,EUR,1,Євро,33.2266
12.04.2021,00.00,978,EUR,1,Євро,33.1522
13.04.2021,00.00,978,EUR,1,Євро,33.2758
14.04.2021,00.00,978,EUR,1,Євро,33.3218
15.04.2021,00.00,978,EUR,1,Євро,33.4753
16.04.2021,00.00,978,EUR,1,Євро,33.4616
17.04.2021,00.00,978,EUR,1,Євро,33.4616
18.04.2021,00.00,978,EUR,1,Євро,33.4616
19.04.2021,00.00,978,EUR,1,Євро,33.525
20.04.2021,00.00,978,EUR,1,Євро,33.7099
21.04.2021,00.00,978,EUR,1,Євро,33.7362
22.04.2021,00.00,978,EUR,1,Євро,33.6986
23.04.2021,00.00,978,EUR,1,Євро,33.8103
24.04.2021,00.00,978,EUR,1,Євро,33.8103
25.04.2021,00.00,978,EUR,1,Євро,33.8103
26.04.2021,00.00,978,EUR,1,Євро,33.6714
27.04.2021,00.00,978,EUR,1,Євро,33.6512
28.04.2021,00.00,978,EUR,1,Євро,33.5577
29.04.2021,00.00,978,EUR,1,Євро,33.526
30.04.2021,00.00,978,EUR,1,Євро,33.6427
01.05.2021,00.00,978,EUR,1,Євро,33.6427
02.05.2021,00.00,978,EUR,1,Євро,33.6427
03.05.2021,00.00,978,EUR,1,Євро,33.6427
04.05.2021,00.00,978,EUR,1,Євро,33.6427
05.05.2021,00.00,978,EUR,1,Євро,33.5112
06.05.2021,00.00,978,EUR,1,Євро,33.2751
07.05.2021,00.00,978,EUR,1,Євро,33.4129
08.05.2021,00.00,978,EUR,1,Євро,33.4129
09.05.2021,00.00,978,EUR,1,Євро,33.4129
10.05.2021,00.00,978,EUR,1,Євро,33.4129
11.05.2021,00.00,978,EUR,1,Євро,33.4904
12.05.2021,00.00,978,EUR,1,Євро,33.6728
13.05.2021,00.00,978,EUR,1,Євро,33.4953
14.05.2021,00.00,978,EUR,1,Євро,33.3738
15.05.2021,00.00,978,EUR,1,Євро,33.3738
16.05.2021,00.00,978,EUR,1,Євро,33.3738
17.05.2021,00.00,978,EUR,1,Євро,33.4781
18.05.2021,00.00,978,EUR,1,Євро,33.4449
19.05.2021,00.00,978,EUR,1,Євро,33.5319
20.05.2021,00.00,978,EUR,1,Євро,33.488
21.05.2021,00.00,978,EUR,1,Євро,33.5174
22.05.2021,00.00,978,EUR,1,Євро,33.5174
23.05.2021,00.00,978,EUR,1,Євро,33.5174
24.05.2021,00.00,978,EUR,1,Євро,33.4799
25.05.2021,00.00,978,EUR,1,Євро,33.4911
26.05.2021,00.00,978,EUR,1,Євро,33.6643
27.05.2021,00.00,978,EUR,1,Євро,33.6765
28.05.2021,00.00,978,EUR,1,Євро,33.5693
29.05.2021,00.00,978,EUR,1,Євро,33.5693
30.05.2021,00.00,978,EUR,1,Євро,33.5693
31.05.2021,00.00,978,EUR,1,Євро,33.3896
01.06.2021,00.00,978,EUR,1,Євро,33.5116
02.06.2021,00.00,978,EUR,1,Євро,33.5335
03.06.2021,00.00,978,EUR,1,Євро,33.3348
04.06.2021,00.00,978,EUR,1,Євро,33.2577
05.06.2021,00.00,978,EUR,1,Євро,33.2577
06.06.2021,00.00,978,EUR,1,Євро,33.2577
07.06.2021,00.00,978,EUR,1,Євро,33.0635
08.06.2021,00.00,978,EUR,1,Євро,33.0781
09.06.2021,00.00,978,EUR,1,Євро,33.1104
10.06.2021,00.00,978,EUR,1,Євро,33.0248
11.06.2021,00.00,978,EUR,1,Євро,32.989
12.06.2021,00.00,978,EUR,1,Євро,32.989
13.06.2021,00.00,978,EUR,1,Євро,32.989
14.06.2021,00.00,978,EUR,1,Євро,32.7905
15.06.2021,00.00,978,EUR,1,Євро,32.7053
16.06.2021,00.00,978,EUR,1,Євро,32.6166
17.06.2021,00.00,978,EUR,1,Євро,32.7722
18.06.2021,00.00,978,EUR,1,Євро,32.4424
19.06.2021,00.00,978,EUR,1,Євро,32.4424
20.06.2021,00.00,978,EUR,1,Євро,32.4424
21.06.2021,00.00,978,EUR,1,Євро,32.4424
22.06.2021,00.00,978,EUR,1,Євро,32.2882
23.06.2021,00.00,978,EUR,1,Євро,32.467
24.06.2021,00.00,978,EUR,1,Євро,32.6003
25.06.2021,00.00,978,EUR,1,Євро,32.7928
26.06.2021,00.00,978,EUR,1,Євро,32.7928
27.06.2021,00.00,978,EUR,1,Євро,32.7928
28.06.2021,00.00,978,EUR,1,Євро,32.7928
29.06.2021,00.00,978,EUR,1,Євро,32.7401
30.06.2021,00.00,978,EUR,1,Євро,32.3018
01.07.2021,00.00,978,EUR,1,Євро,32.3463
02.07.2021,00.00,978,EUR,1,Євро,32.5227
03.07.2021,00.00,978,EUR,1,Євро,32.5227
04.07.2021,00.00,978,EUR,1,Євро,32.5227
05.07.2021,00.00,978,EUR,1,Євро,32.4107
06.07.2021,00.00,978,EUR,1,Євро,32.3732
07.07.2021,00.00,978,EUR,1,Євро,32.2623
08.07.2021,00.00,978,EUR,1,Євро,32.291
09.07.2021,00.00,978,EUR,1,Євро,32.3191
10.07.2021,00.00,978,EUR,1,Євро,32.3191
11.07.2021,00.00,978,EUR,1,Євро,32.3191
12.07.2021,00.00,978,EUR,1,Євро,32.4056
13.07.2021,00.00,978,EUR,1,Євро,32.3459
14.07.2021,00.00,978,EUR,1,Євро,32.372
15.07.2021,00.00,978,EUR,1,Євро,32.2482
16.07.2021,00.00,978,EUR,1,Євро,32.2369
17.07.2021,00.00,978,EUR,1,Євро,32.2369
18.07.2021,00.00,978,EUR,1,Євро,32.2369
19.07.2021,00.00,978,EUR,1,Євро,32.141
20.07.2021,00.00,978,EUR,1,Євро,32.0313
21.07.2021,00.00,978,EUR,1,Євро,32.0344
22.07.2021,00.00,978,EUR,1,Євро,32.0607
23.07.2021,00.00,978,EUR,1,Євро,32.0343
24.07.2021,00.00,978,EUR,1,Євро,32.0343
25.07.2021,00.00,978,EUR,1,Євро,32.0343
26.07.2021,00.00,978,EUR,1,Євро,31.845
27.07.2021,00.00,978,EUR,1,Євро,31.8087
28.07.2021,00.00,978,EUR,1,Євро,31.7814
29.07.2021,00.00,978,EUR,1,Євро,31.7021
30.07.2021,00.00,978,EUR,1,Євро,31.9239
31.07.2021,00.00,978,EUR,1,Євро,31.9239
01.08.2021,00.00,978,EUR,1,Євро,31.9239
02.08.2021,00.00,978,EUR,1,Євро,31.8946
03.08.2021,00.00,978,EUR,1,Євро,31.9032
04.08.2021,00.00,978,EUR,1,Євро,31.8913
05.08.2021,00.00,978,EUR,1,Євро,31.9482
06.08.2021,00.00,978,EUR,1,Євро,31.8964
07.08.2021,00.00,978,EUR,1,Євро,31.8964
08.08.2021,00.00,978,EUR,1,Євро,31.8964
09.08.2021,00.00,978,EUR,1,Євро,31.6756
10.08.2021,00.00,978,EUR,1,Євро,31.5302
11.08.2021,00.00,978,EUR,1,Євро,31.3617
12.08.2021,00.00,978,EUR,1,Євро,31.4105
13.08.2021,00.00,978,EUR,1,Євро,31.421
14.08.2021,00.00,978,EUR,1,Євро,31.421
15.08.2021,00.00,978,EUR,1,Євро,31.421
16.08.2021,00.00,978,EUR,1,Євро,31.3978
17.08.2021,00.00,978,EUR,1,Євро,31.3633
18.08.2021,00.00,978,EUR,1,Євро,31.382
19.08.2021,00.00,978,EUR,1,Євро,31.2379
20.08.2021,00.00,978,EUR,1,Євро,31.169
21.08.2021,00.00,978,EUR,1,Євро,31.169
22.08.2021,00.00,978,EUR,1,Євро,31.169
23.08.2021,00.00,978,EUR,1,Євро,31.169
24.08.2021,00.00,978,EUR,1,Євро,31.169
25.08.2021,00.00,978,EUR,1,Євро,31.1287
26.08.2021,00.00,978,EUR,1,Євро,31.3438
27.08.2021,00.00,978,EUR,1,Євро,31.5121
28.08.2021,00.00,978,EUR,1,Євро,31.6645
29.08.2021,00.00,978,EUR,1,Євро,31.6645
30.08.2021,00.00,978,EUR,1,Євро,31.6645
31.08.2021,00.00,978,EUR,1,Євро,31.6963
01.09.2021,00.00,978,EUR,1,Євро,31.8317
02.09.2021,00.00,978,EUR,1,Євро,31.9323
03.09.2021,00.00,978,EUR,1,Євро,32.0067
04.09.2021,00.00,978,EUR,1,Євро,32.0067
05.09.2021,00.00,978,EUR,1,Євро,32.0067
06.09.2021,00.00,978,EUR,1,Євро,31.9684
07.09.2021,00.00,978,EUR,1,Євро,31.8063
08.09.2021,00.00,978,EUR,1,Євро,31.7091
09.09.2021,00.00,978,EUR,1,Євро,31.6315
10.09.2021,00.00,978,EUR,1,Євро,31.624
11.09.2021,00.00,978,EUR,1,Євро,31.624
12.09.2021,00.00,978,EUR,1,Євро,31.624
13.09.2021,00.00,978,EUR,1,Євро,31.5843
14.09.2021,00.00,978,EUR,1,Євро,31.4472
15.09.2021,00.00,978,EUR,1,Євро,31.4627
16.09.2021,00.00,978,EUR,1,Євро,31.517
17.09.2021,00.00,978,EUR,1,Євро,31.37
18.09.2021,00.00,978,EUR,1,Євро,31.37
19.09.2021,00.00,978,EUR,1,Євро,31.37
20.09.2021,00.00,978,EUR,1,Євро,31.4626
21.09.2021,00.00,978,EUR,1,Євро,31.2701
22.09.2021,00.00,978,EUR,1,Євро,31.3566
23.09.2021,00.00,978,EUR,1,Євро,31.2856
24.09.2021,00.00,978,EUR,1,Євро,31.0846
25.09.2021,00.00,978,EUR,1,Євро,31.0846
26.09.2021,00.00,978,EUR,1,Євро,31.0846
27.09.2021,00.00,978,EUR,1,Євро,31.2153
28.09.2021,00.00,978,EUR,1,Євро,31.1764
29.09.2021,00.00,978,EUR,1,Євро,31.0335
30.09.2021,00.00,978,EUR,1,Євро,30.981
01.10.2021,00.00,978,EUR,1,Євро,30.8231
02.10.2021,00.00,978,EUR,1,Євро,30.8231
03.10.2021,00.00,978,EUR,1,Євро,30.8231
04.10.2021,00.00,978,EUR,1,Євро,30.8716
05.10.2021,00.00,978,EUR,1,Євро,30.9261
06.10.2021,00.00,978,EUR,1,Євро,30.6536
07.10.2021,00.00,978,EUR,1,Євро,30.4135
08.10.2021,00.00,978,EUR,1,Євро,30.4378
09.10.2021,00.00,978,EUR,1,Євро,30.4378
10.10.2021,00.00,978,EUR,1,Євро,30.4378
11.10.2021,00.00,978,EUR,1,Євро,30.4768
12.10.2021,00.00,978,EUR,1,Євро,30.5012
13.10.2021,00.00,978,EUR,1,Євро,30.4265
14.10.2021,00.00,978,EUR,1,Євро,30.4265
15.10.2021,00.00,978,EUR,1,Євро,30.4265
16.10.2021,00.00,978,EUR,1,Євро,30.4265
17.10.2021,00.00,978,EUR,1,Євро,30.4265
18.10.2021,00.00,978,EUR,1,Євро,30.446
19.10.2021,00.00,978,EUR,1,Євро,30.5611
20.10.2021,00.00,978,EUR,1,Євро,30.6056
21.10.2021,00.00,978,EUR,1,Євро,30.4836
22.10.2021,00.00,978,EUR,1,Євро,30.4934
23.10.2021,00.00,978,EUR,1,Євро,30.5774
24.10.2021,00.00,978,EUR,1,Євро,30.5774
25.10.2021,00.00,978,EUR,1,Євро,30.5774
26.10.2021,00.00,978,EUR,1,Євро,30.5749
27.10.2021,00.00,978,EUR,1,Євро,30.6791
28.10.2021,00.00,978,EUR,1,Євро,30.6447
29.10.2021,00.00,978,EUR,1,Євро,30.5032
30.10.2021,00.00,978,EUR,1,Євро,30.5032
31.10.2021,00.00,978,EUR,1,Євро,30.5032
01.11.2021,00.00,978,EUR,1,Євро,30.5953
02.11.2021,00.00,978,EUR,1,Євро,30.4358
03.11.2021,00.00,978,EUR,1,Євро,30.4903
04.11.2021,00.00,978,EUR,1,Євро,30.3646
05.11.2021,00.00,978,EUR,1,Євро,30.2848
06.11.2021,00.00,978,EUR,1,Євро,30.2848
07.11.2021,00.00,978,EUR,1,Євро,30.2848
08.11.2021,00.00,978,EUR,1,Євро,30.0969
09.11.2021,00.00,978,EUR,1,Євро,30.2026
10.11.2021,00.00,978,EUR,1,Євро,30.2075
11.11.2021,00.00,978,EUR,1,Євро,30.1186
12.11.2021,00.00,978,EUR,1,Євро,29.9144
13.11.2021,00.00,978,EUR,1,Євро,29.9144
14.11.2021,00.00,978,EUR,1,Євро,29.9144
15.11.2021,00.00,978,EUR,1,Євро,29.9007
16.11.2021,00.00,978,EUR,1,Євро,30.1468
17.11.2021,00.00,978,EUR,1,Євро,30.0266
18.11.2021,00.00,978,EUR,1,Євро,29.9974
19.11.2021,00.00,978,EUR,1,Євро,29.9688
20.11.2021,00.00,978,EUR,1,Євро,29.9688
21.11.2021,00.00,978,EUR,1,Євро,29.9688
22.11.2021,00.00,978,EUR,1,Євро,29.9796
23.11.2021,00.00,978,EUR,1,Євро,30.0591
24.11.2021,00.00,978,EUR,1,Євро,30.2354
25.11.2021,00.00,978,EUR,1,Євро,30.1734
26.11.2021,00.00,978,EUR,1,Євро,30.3376
27.11.2021,00.00,978,EUR,1,Євро,30.3376
28.11.2021,00.00,978,EUR,1,Євро,30.3376
29.11.2021,00.00,978,EUR,1,Євро,30.5752
30.11.2021,00.00,978,EUR,1,Євро,30.6481
01.12.2021,00.00,978,EUR,1,Євро,30.9221
02.12.2021,00.00,978,EUR,1,Євро,30.8443
03.12.2021,00.00,978,EUR,1,Євро,30.9438
04.12.2021,00.00,978,EUR,1,Євро,30.9438
05.12.2021,00.00,978,EUR,1,Євро,30.9438
06.12.2021,00.00,978,EUR,1,Євро,30.8277
07.12.2021,00.00,978,EUR,1,Євро,30.9055
08.12.2021,00.00,978,EUR,1,Євро,30.7277
09.12.2021,00.00,978,EUR,1,Євро,30.7698
10.12.2021,00.00,978,EUR,1,Євро,30.6773
11.12.2021,00.00,978,EUR,1,Євро,30.6773
12.12.2021,00.00,978,EUR,1,Євро,30.6773
13.12.2021,00.00,978,EUR,1,Євро,30.4521
14.12.2021,00.00,978,EUR,1,Євро,30.3272
15.12.2021,00.00,978,EUR,1,Євро,30.534
16.12.2021,00.00,978,EUR,1,Євро,30.6186
17.12.2021,00.00,978,EUR,1,Євро,30.8435
18.12.2021,00.00,978,EUR,1,Євро,30.8435
19.12.2021,00.00,978,EUR,1,Євро,30.8435
20.12.2021,00.00,978,EUR,1,Євро,30.8573
21.12.2021,00.00,978,EUR,1,Євро,30.7661
22.12.2021,00.00,978,EUR,1,Євро,30.7859
23.12.2021,00.00,978,EUR,1,Євро,30.8084
24.12.2021,00.00,978,EUR,1,Євро,30.845
25.12.2021,00.00,978,EUR,1,Євро,30.845
26.12.2021,00.00,978,EUR,1,Євро,30.845
27.12.2021,00.00,978,EUR,1,Євро,30.845
28.12.2021,00.00,978,EUR,1,Євро,30.8196
29.12.2021,00.00,978,EUR,1,Євро,30.8401
30.12.2021,00.00,978,EUR,1,Євро,30.776
31.12.2021,00.00,978,EUR,1,Євро,30.9226
01.01.2022,00.00,978,EUR,1,Євро,30.9226
02.01.2022,00.00,978,EUR,1,Євро,30.9226
03.01.2022,00.00,978,EUR,1,Євро,30.9226
04.01.2022,00.00,978,EUR,1,Євро,30.9226
05.01.2022,00.00,978,EUR,1,Євро,30.7739
06.01.2022,00.00,978,EUR,1,Євро,31.0421
07.01.2022,00.00,978,EUR,1,Євро,31.0421
08.01.2022,00.00,978,EUR,1,Євро,31.0421
09.01.2022,00.00,978,EUR,1,Євро,31.0421
10.01.2022,00.00,978,EUR,1,Євро,31.1095
11.01.2022,00.00,978,EUR,1,Євро,31.116
12.01.2022,00.00,978,EUR,1,Євро,31.1722
13.01.2022,00.00,978,EUR,1,Євро,31.4796
14.01.2022,00.00,978,EUR,1,Євро,31.7813
15.01.2022,00.00,978,EUR,1,Євро,31.7813
16.01.2022,00.00,978,EUR,1,Євро,31.7813
17.01.2022,00.00,978,EUR,1,Євро,31.989
18.01.2022,00.00,978,EUR,1,Євро,32.0577
19.01.2022,00.00,978,EUR,1,Євро,32.3406
20.01.2022,00.00,978,EUR,1,Євро,32.1943
21.01.2022,00.00,978,EUR,1,Євро,32.1147
22.01.2022,00.00,978,EUR,1,Євро,32.1147
23.01.2022,00.00,978,EUR,1,Євро,32.1147
24.01.2022,00.00,978,EUR,1,Євро,32.1099
25.01.2022,00.00,978,EUR,1,Євро,32.0594
26.01.2022,00.00,978,EUR,1,Євро,32.3021
27.01.2022,00.00,978,EUR,1,Євро,32.4803
28.01.2022,00.00,978,EUR,1,Євро,32.3432
29.01.2022,00.00,978,EUR,1,Євро,32.3432
30.01.2022,00.00,978,EUR,1,Євро,32.3432
31.01.2022,00.00,978,EUR,1,Євро,32.0293
01.02.2022,00.00,978,EUR,1,Євро,31.7464
02.02.2022,00.00,978,EUR,1,Євро,31.8875
03.02.2022,00.00,978,EUR,1,Євро,32.1419
04.02.2022,00.00,978,EUR,1,Євро,31.9198
05.02.2022,00.00,978,EUR,1,Євро,31.9198
06.02.2022,00.00,978,EUR,1,Євро,31.9198
07.02.2022,00.00,978,EUR,1,Євро,32.2745
08.02.2022,00.00,978,EUR,1,Євро,32.0724
09.02.2022,00.00,978,EUR,1,Євро,31.9255
10.02.2022,00.00,978,EUR,1,Євро,31.996
11.02.2022,00.00,978,EUR,1,Євро,31.8785
12.02.2022,00.00,978,EUR,1,Євро,31.8785
13.02.2022,00.00,978,EUR,1,Євро,31.8785
14.02.2022,00.00,978,EUR,1,Євро,31.9777
15.02.2022,00.00,978,EUR,1,Євро,32.3264
16.02.2022,00.00,978,EUR,1,Євро,32.0283
17.02.2022,00.00,978,EUR,1,Євро,31.932
18.02.2022,00.00,978,EUR,1,Євро,32.1969
19.02.2022,00.00,978,EUR,1,Євро,32.1969
20.02.2022,00.00,978,EUR,1,Євро,32.1969
21.02.2022,00.00,978,EUR,1,Євро,32.196
22.02.2022,00.00,978,EUR,1,Євро,32.2887
23.02.2022,00.00,978,EUR,1,Євро,32.9039
24.02.2022,00.00,978,EUR,1,Євро,33.1707
25.02.2022,00.00,978,EUR,1,Євро,33.1707
26.02.2022,00.00,978,EUR,1,Євро,33.1707
27.02.2022,00.00,978,EUR,1,Євро,33.1707
28.02.2022,00.00,978,EUR,1,Євро,33.1707
01.03.2022,00.00,978,EUR,1,Євро,33.1707
02.03.2022,00.00,978,EUR,1,Євро,33.1707
03.03.2022,00.00,978,EUR,1,Євро,33.1707
04.03.2022,00.00,978,EUR,1,Євро,33.1707
05.03.2022,00.00,978,EUR,1,Євро,33.1707
06.03.2022,00.00,978,EUR,1,Євро,33.1707
07.03.2022,00.00,978,EUR,1,Євро,33.1707
08.03.2022,00.00,978,EUR,1,Євро,33.1707
09.03.2022,00.00,978,EUR,1,Євро,33.1707
10.03.2022,00.00,978,EUR,1,Євро,33.1707
11.03.2022,00.00,978,EUR,1,Євро,33.1707
12.03.2022,00.00,978,EUR,1,Євро,33.1707
13.03.2022,00.00,978,EUR,1,Євро,33.1707
14.03.2022,00.00,978,EUR,1,Євро,33.1707
15.03.2022,00.00,978,EUR,1,Євро,33.1707
16.03.2022,00.00,978,EUR,1,Євро,33.1707
17.03.2022,00.00,978,EUR,1,Євро,33.1707
18.03.2022,00.00,978,EUR,1,Євро,33.1707
19.03.2022,00.00,978,EUR,1,Євро,33.1707
20.03.2022,00.00,978,EUR,1,Євро,33.1707
21.03.2022,00.00,978,EUR,1,Євро,33.1707
22.03.2022,00.00,978,EUR,1,Євро,33.1707
23.03.2022,00.00,978,EUR,1,Євро,32.2345
24.03.2022,00.00,978,EUR,1,Євро,32.138
25.03.2022,00.00,978,EUR,1,Євро,32.1233
26.03.2022,00.00,978,EUR,1,Євро,32.1233
27.03.2022,00.00,978,EUR,1,Євро,32.1233
28.03.2022,00.00,978,EUR,1,Євро,32.1936
29.03.2022,00.00,978,EUR,1,Євро,32.0707
30.03.2022,00.00,978,EUR,1,Євро,32.4217
31.03.2022,00.00,978,EUR,1,Євро,32.5856
01.04.2022,00.00,978,EUR,1,Євро,32.4773
02.04.2022,00.00,978,EUR,1,Євро,32.4773
03.04.2022,00.00,978,EUR,1,Євро,32.4773
04.04.2022,00.00,978,EUR,1,Євро,32.3281
05.04.2022,00.00,978,EUR,1,Євро,32.176
06.04.2022,00.00,978,EUR,1,Євро,32.0795
07.04.2022,00.00,978,EUR,1,Євро,31.9361
08.04.2022,00.00,978,EUR,1,Євро,31.9244
09.04.2022,00.00,978,EUR,1,Євро,31.9244
10.04.2022,00.00,978,EUR,1,Євро,31.9244
11.04.2022,00.00,978,EUR,1,Євро,31.7796
12.04.2022,00.00,978,EUR,1,Євро,31.8952
13.04.2022,00.00,978,EUR,1,Євро,31.7752
14.04.2022,00.00,978,EUR,1,Євро,31.6874
15.04.2022,00.00,978,EUR,1,Євро,31.7957
16.04.2022,00.00,978,EUR,1,Євро,31.7957
17.04.2022,00.00,978,EUR,1,Євро,31.7957
18.04.2022,00.00,978,EUR,1,Євро,31.8235
19.04.2022,00.00,978,EUR,1,Євро,31.6216
20.04.2022,00.00,978,EUR,1,Євро,31.5792
21.04.2022,00.00,978,EUR,1,Євро,31.6787
22.04.2022,00.00,978,EUR,1,Євро,31.8264
23.04.2022,00.00,978,EUR,1,Євро,31.8264
24.04.2022,00.00,978,EUR,1,Євро,31.8264
25.04.2022,00.00,978,EUR,1,Євро,31.6567
26.04.2022,00.00,978,EUR,1,Євро,31.4476
27.04.2022,00.00,978,EUR,1,Євро,31.2223
28.04.2022,00.00,978,EUR,1,Євро,30.9663
29.04.2022,00.00,978,EUR,1,Євро,30.6869
30.04.2022,00.00,978,EUR,1,Євро,30.6869
01.05.2022,00.00,978,EUR,1,Євро,30.6869
02.05.2022,00.00,978,EUR,1,Євро,30.8478
03.05.2022,00.00,978,EUR,1,Євро,30.7659
04.05.2022,00.00,978,EUR,1,Євро,30.8288
05.05.2022,00.00,978,EUR,1,Євро,30.801
06.05.2022,00.00,978,EUR,1,Євро,30.8595
07.05.2022,00.00,978,EUR,1,Євро,30.8595
08.05.2022,00.00,978,EUR,1,Євро,30.8595
09.05.2022,00.00,978,EUR,1,Євро,30.9063
10.05.2022,00.00,978,EUR,1,Євро,30.861
11.05.2022,00.00,978,EUR,1,Євро,30.8727
12.05.2022,00.00,978,EUR,1,Євро,30.8537
13.05.2022,00.00,978,EUR,1,Євро,30.4178
14.05.2022,00.00,978,EUR,1,Євро,30.4178
15.05.2022,00.00,978,EUR,1,Євро,30.4178
16.05.2022,00.00,978,EUR,1,Євро,30.3768
17.05.2022,00.00,978,EUR,1,Євро,30.4792
18.05.2022,00.00,978,EUR,1,Євро,30.842
19.05.2022,00.00,978,EUR,1,Євро,30.7454
20.05.2022,00.00,978,EUR,1,Євро,30.7688
21.05.2022,00.00,978,EUR,1,Євро,30.7688
22.05.2022,00.00,978,EUR,1,Євро,30.7688
23.05.2022,00.00,978,EUR,1,Євро,30.918
24.05.2022,00.00,978,EUR,1,Євро,31.1784
25.05.2022,00.00,978,EUR,1,Євро,31.3437
26.05.2022,00.00,978,EUR,1,Євро,31.1813
27.05.2022,00.00,978,EUR,1,Євро,31.3159
28.05.2022,00.00,978,EUR,1,Євро,31.3159
29.05.2022,00.00,978,EUR,1,Євро,31.3159
30.05.2022,00.00,978,EUR,1,Євро,31.3203
31.05.2022,00.00,978,EUR,1,Євро,31.5031
01.06.2022,00.00,978,EUR,1,Євро,31.3364
02.06.2022,00.00,978,EUR,1,Євро,31.3247
03.06.2022,00.00,978,EUR,1,Євро,31.2808
04.06.2022,00.00,978,EUR,1,Євро,31.2808
05.06.2022,00.00,978,EUR,1,Євро,31.2808
06.06.2022,00.00,978,EUR,1,Євро,31.3876
07.06.2022,00.00,978,EUR,1,Євро,31.389
08.06.2022,00.00,978,EUR,1,Євро,31.1901
09.06.2022,00.00,978,EUR,1,Євро,31.411
10.06.2022,00.00,978,EUR,1,Євро,31.3934
11.06.2022,00.00,978,EUR,1,Євро,31.3934
12.06.2022,00.00,978,EUR,1,Євро,31.3934
13.06.2022,00.00,978,EUR,1,Євро,30.9327
14.06.2022,00.00,978,EUR,1,Євро,30.5626
15.06.2022,00.00,978,EUR,1,Євро,30.567
16.06.2022,00.00,978,EUR,1,Євро,30.5962
17.06.2022,00.00,978,EUR,1,Євро,30.3885
18.06.2022,00.00,978,EUR,1,Євро,30.3885
19.06.2022,00.00,978,EUR,1,Євро,30.3885
20.06.2022,00.00,978,EUR,1,Євро,30.6899
21.06.2022,00.00,978,EUR,1,Євро,30.7952
22.06.2022,00.00,978,EUR,1,Євро,30.861
23.06.2022,00.00,978,EUR,1,Євро,30.7542
24.06.2022,00.00,978,EUR,1,Євро,30.7337
25.06.2022,00.00,978,EUR,1,Євро,30.7337
26.06.2022,00.00,978,EUR,1,Євро,30.7337
27.06.2022,00.00,978,EUR,1,Євро,30.7674
28.06.2022,00.00,978,EUR,1,Євро,30.9122
29.06.2022,00.00,978,EUR,1,Євро,30.9151
30.06.2022,00.00,978,EUR,1,Євро,30.7776
01.07.2022,00.00,978,EUR,1,Євро,30.4017
02.07.2022,00.00,978,EUR,1,Євро,30.4017
03.07.2022,00.00,978,EUR,1,Євро,30.4017
04.07.2022,00.00,978,EUR,1,Євро,30.526
05.07.2022,00.00,978,EUR,1,Євро,30.5816
06.07.2022,00.00,978,EUR,1,Євро,30.1135
07.07.2022,00.00,978,EUR,1,Євро,29.8122
08.07.2022,00.00,978,EUR,1,Євро,29.8107
09.07.2022,00.00,978,EUR,1,Євро,29.8107
10.07.2022,00.00,978,EUR,1,Євро,29.8107
11.07.2022,00.00,978,EUR,1,Євро,29.701
12.07.2022,00.00,978,EUR,1,Євро,29.5109
13.07.2022,00.00,978,EUR,1,Євро,29.3675
14.07.2022,00.00,978,EUR,1,Євро,29.4494
15.07.2022,00.00,978,EUR,1,Євро,29.2754
16.07.2022,00.00,978,EUR,1,Євро,29.2754
17.07.2022,00.00,978,EUR,1,Євро,29.2754
18.07.2022,00.00,978,EUR,1,Євро,29.4173
19.07.2022,00.00,978,EUR,1,Євро,29.6645
20.07.2022,00.00,978,EUR,1,Євро,29.998
21.07.2022,00.00,978,EUR,1,Євро,29.8064
22.07.2022,00.00,978,EUR,1,Євро,37.2689
23.07.2022,00.00,978,EUR,1,Євро,37.2689
24.07.2022,00.00,978,EUR,1,Євро,37.2689
25.07.2022,00.00,978,EUR,1,Євро,37.2177
26.07.2022,00.00,978,EUR,1,Євро,37.4115
27.07.2022,00.00,978,EUR,1,Євро,37.0568
28.07.2022,00.00,978,EUR,1,Євро,37.1244
29.07.2022,00.00,978,EUR,1,Євро,36.9965
30.07.2022,00.00,978,EUR,1,Євро,36.9965
31.07.2022,00.00,978,EUR,1,Євро,36.9965
01.08.2022,00.00,978,EUR,1,Євро,37.3365
02.08.2022,00.00,978,EUR,1,Євро,37.4133
03.08.2022,00.00,978,EUR,1,Євро,37.3804
04.08.2022,00.00,978,EUR,1,Євро,37.2488
05.08.2022,00.00,978,EUR,1,Євро,37.2104
06.08.2022,00.00,978,EUR,1,Євро,37.2104
07.08.2022,00.00,978,EUR,1,Євро,37.2104
08.08.2022,00.00,978,EUR,1,Євро,37.417
09.08.2022,00.00,978,EUR,1,Євро,37.2963
10.08.2022,00.00,978,EUR,1,Євро,37.3804
11.08.2022,00.00,978,EUR,1,Євро,37.5102
12.08.2022,00.00,978,EUR,1,Євро,37.7516
13.08.2022,00.00,978,EUR,1,Євро,37.7516
14.08.2022,00.00,978,EUR,1,Євро,37.7516
15.08.2022,00.00,978,EUR,1,Євро,37.5943
16.08.2022,00.00,978,EUR,1,Євро,37.2817
17.08.2022,00.00,978,EUR,1,Євро,37.033
18.08.2022,00.00,978,EUR,1,Євро,37.1738
19.08.2022,00.00,978,EUR,1,Євро,37.2177
20.08.2022,00.00,978,EUR,1,Євро,37.2177
21.08.2022,00.00,978,EUR,1,Євро,37.2177
22.08.2022,00.00,978,EUR,1,Євро,36.7441
23.08.2022,00.00,978,EUR,1,Євро,36.5686
24.08.2022,00.00,978,EUR,1,Євро,36.298
25.08.2022,00.00,978,EUR,1,Євро,36.3053
26.08.2022,00.00,978,EUR,1,Євро,36.4808
27.08.2022,00.00,978,EUR,1,Євро,36.4808
28.08.2022,00.00,978,EUR,1,Євро,36.4808
29.08.2022,00.00,978,EUR,1,Євро,36.5467
30.08.2022,00.00,978,EUR,1,Євро,36.554
31.08.2022,00.00,978,EUR,1,Євро,36.6564
01.09.2022,00.00,978,EUR,1,Євро,36.5704
02.09.2022,00.00,978,EUR,1,Євро,36.5832
03.09.2022,00.00,978,EUR,1,Євро,36.5832
04.09.2022,00.00,978,EUR,1,Євро,36.5832
05.09.2022,00.00,978,EUR,1,Євро,36.5339
06.09.2022,00.00,978,EUR,1,Євро,36.2614
07.09.2022,00.00,978,EUR,1,Євро,36.287
08.09.2022,00.00,978,EUR,1,Євро,36.1371
09.09.2022,00.00,978,EUR,1,Євро,36.6491
10.09.2022,00.00,978,EUR,1,Євро,36.6491
11.09.2022,00.00,978,EUR,1,Євро,36.6491
12.09.2022,00.00,978,EUR,1,Євро,36.7112
13.09.2022,00.00,978,EUR,1,Євро,37.097
14.09.2022,00.00,978,EUR,1,Євро,37.2159
15.09.2022,00.00,978,EUR,1,Євро,36.543
16.09.2022,00.00,978,EUR,1,Євро,36.5137
17.09.2022,00.00,978,EUR,1,Євро,36.5137
18.09.2022,00.00,978,EUR,1,Євро,36.5137
19.09.2022,00.00,978,EUR,1,Євро,36.4607
20.09.2022,00.00,978,EUR,1,Євро,36.5064
21.09.2022,00.00,978,EUR,1,Євро,36.5247
22.09.2022,00.00,978,EUR,1,Євро,36.2084
23.09.2022,00.00,978,EUR,1,Євро,36.0768
24.09.2022,00.00,978,EUR,1,Євро,36.0768
25.09.2022,00.00,978,EUR,1,Євро,36.0768
26.09.2022,00.00,978,EUR,1,Євро,35.6654
27.09.2022,00.00,978,EUR,1,Євро,35.2375
28.09.2022,00.00,978,EUR,1,Євро,35.2576
29.09.2022,00.00,978,EUR,1,Євро,34.9742
30.09.2022,00.00,978,EUR,1,Євро,35.5611
01.10.2022,00.00,978,EUR,1,Євро,35.5611
02.10.2022,00.00,978,EUR,1,Євро,35.5611
03.10.2022,00.00,978,EUR,1,Євро,35.6361
04.10.2022,00.00,978,EUR,1,Євро,35.7074
05.10.2022,00.00,978,EUR,1,Євро,36.1682
06.10.2022,00.00,978,EUR,1,Євро,36.2157
07.10.2022,00.00,978,EUR,1,Євро,36.0768
08.10.2022,00.00,978,EUR,1,Євро,36.0768
09.10.2022,00.00,978,EUR,1,Євро,36.0768
10.10.2022,00.00,978,EUR,1,Євро,35.797
11.10.2022,00.00,978,EUR,1,Євро,35.4587
12.10.2022,00.00,978,EUR,1,Євро,35.5465
13.10.2022,00.00,978,EUR,1,Євро,35.5026
14.10.2022,00.00,978,EUR,1,Євро,35.6306
15.10.2022,00.00,978,EUR,1,Євро,35.6306
16.10.2022,00.00,978,EUR,1,Євро,35.6306
17.10.2022,00.00,978,EUR,1,Євро,35.5337
18.10.2022,00.00,978,EUR,1,Євро,35.6196
19.10.2022,00.00,978,EUR,1,Євро,35.9451
20.10.2022,00.00,978,EUR,1,Євро,35.7623
21.10.2022,00.00,978,EUR,1,Євро,35.8866
22.10.2022,00.00,978,EUR,1,Євро,35.8866
23.10.2022,00.00,978,EUR,1,Євро,35.8866
24.10.2022,00.00,978,EUR,1,Євро,35.6379
25.10.2022,00.00,978,EUR,1,Євро,35.9579
26.10.2022,00.00,978,EUR,1,Євро,36.0804
27.10.2022,00.00,978,EUR,1,Євро,36.6417
28.10.2022,00.00,978,EUR,1,Євро,36.7386
29.10.2022,00.00,978,EUR,1,Євро,36.7386
30.10.2022,00.00,978,EUR,1,Євро,36.7386
31.10.2022,00.00,978,EUR,1,Євро,36.4095
01.11.2022,00.00,978,EUR,1,Євро,36.2377
02.11.2022,00.00,978,EUR,1,Євро,36.3474
03.11.2022,00.00,978,EUR,1,Євро,36.2194
04.11.2022,00.00,978,EUR,1,Євро,35.6288
05.11.2022,00.00,978,EUR,1,Євро,35.6288
06.11.2022,00.00,978,EUR,1,Євро,35.6288
07.11.2022,00.00,978,EUR,1,Євро,35.9817
08.11.2022,00.00,978,EUR,1,Євро,36.5083
09.11.2022,00.00,978,EUR,1,Євро,36.5375
10.11.2022,00.00,978,EUR,1,Євро,36.7496
11.11.2022,00.00,978,EUR,1,Євро,36.3821
12.11.2022,00.00,978,EUR,1,Євро,36.3821
13.11.2022,00.00,978,EUR,1,Євро,36.3821
14.11.2022,00.00,978,EUR,1,Євро,37.7022
15.11.2022,00.00,978,EUR,1,Євро,37.7626
16.11.2022,00.00,978,EUR,1,Євро,38.0588
17.11.2022,00.00,978,EUR,1,Євро,38.0935
18.11.2022,00.00,978,EUR,1,Євро,37.7681
19.11.2022,00.00,978,EUR,1,Євро,37.7681
20.11.2022,00.00,978,EUR,1,Євро,37.7681
21.11.2022,00.00,978,EUR,1,Євро,37.8906
22.11.2022,00.00,978,EUR,1,Євро,37.4481
23.11.2022,00.00,978,EUR,1,Євро,37.5541
24.11.2022,00.00,978,EUR,1,Євро,37.7461
25.11.2022,00.00,978,EUR,1,Євро,38.0716
26.11.2022,00.00,978,EUR,1,Євро,38.0716
27.11.2022,00.00,978,EUR,1,Євро,38.0716
28.11.2022,00.00,978,EUR,1,Євро,37.96
29.11.2022,00.00,978,EUR,1,Євро,38.302
30.11.2022,00.00,978,EUR,1,Євро,37.9344
01.12.2022,00.00,978,EUR,1,Євро,37.9198
02.12.2022,00.00,978,EUR,1,Євро,38.205
03.12.2022,00.00,978,EUR,1,Євро,38.205
04.12.2022,00.00,978,EUR,1,Євро,38.205
05.12.2022,00.00,978,EUR,1,Євро,38.5396
06.12.2022,00.00,978,EUR,1,Євро,38.7353
07.12.2022,00.00,978,EUR,1,Євро,38.4866
08.12.2022,00.00,978,EUR,1,Євро,38.5232
09.12.2022,00.00,978,EUR,1,Євро,38.4629
10.12.2022,00.00,978,EUR,1,Євро,38.4629
11.12.2022,00.00,978,EUR,1,Євро,38.4629
12.12.2022,00.00,978,EUR,1,Євро,38.6
13.12.2022,00.00,978,EUR,1,Євро,38.6
14.12.2022,00.00,978,EUR,1,Євро,38.578
15.12.2022,00.00,978,EUR,1,Євро,38.9273
16.12.2022,00.00,978,EUR,1,Євро,38.8541
17.12.2022,00.00,978,EUR,1,Євро,38.8541
18.12.2022,00.00,978,EUR,1,Євро,38.8541
19.12.2022,00.00,978,EUR,1,Євро,38.8377
20.12.2022,00.00,978,EUR,1,Євро,38.7865
21.12.2022,00.00,978,EUR,1,Євро,38.8121
22.12.2022,00.00,978,EUR,1,Євро,38.8706
23.12.2022,00.00,978,EUR,1,Євро,38.8962
24.12.2022,00.00,978,EUR,1,Євро,38.8962
25.12.2022,00.00,978,EUR,1,Євро,38.8962
26.12.2022,00.00,978,EUR,1,Євро,38.834
27.12.2022,00.00,978,EUR,1,Євро,38.8432
28.12.2022,00.00,978,EUR,1,Євро,38.8852
29.12.2022,00.00,978,EUR,1,Євро,38.9437
30.12.2022,00.00,978,EUR,1,Євро,38.951
31.12.2022,00.00,978,EUR,1,Євро,38.951
01.01.2023,00.00,978,EUR,1,Євро,38.951
02.01.2023,00.00,978,EUR,1,Євро,39.037
03.01.2023,00.00,978,EUR,1,Євро,39.0041
04.01.2023,00.00,978,EUR,1,Євро,38.5378
05.01.2023,00.00,978,EUR,1,Євро,38.7901
06.01.2023,00.00,978,EUR,1,Євро,38.7773
07.01.2023,00.00,978,EUR,1,Євро,38.7773
08.01.2023,00.00,978,EUR,1,Євро,38.7773
09.01.2023,00.00,978,EUR,1,Євро,38.3733
10.01.2023,00.00,978,EUR,1,Євро,39.0827
11.01.2023,00.00,978,EUR,1,Євро,39.1961
12.01.2023,00.00,978,EUR,1,Євро,39.2728
13.01.2023,00.00,978,EUR,1,Євро,39.357
14.01.2023,00.00,978,EUR,1,Євро,39.357
15.01.2023,00.00,978,EUR,1,Євро,39.357
16.01.2023,00.00,978,EUR,1,Євро,39.5361
17.01.2023,00.00,978,EUR,1,Євро,39.5581
18.01.2023,00.00,978,EUR,1,Євро,39.6897
19.01.2023,00.00,978,EUR,1,Євро,39.5873
20.01.2023,00.00,978,EUR,1,Євро,39.5215
21.01.2023,00.00,978,EUR,1,Євро,39.5215
22.01.2023,00.00,978,EUR,1,Євро,39.5215
23.01.2023,00.00,978,EUR,1,Євро,39.5581
24.01.2023,00.00,978,EUR,1,Євро,39.7519
25.01.2023,00.00,978,EUR,1,Євро,39.7226
26.01.2023,00.00,978,EUR,1,Євро,39.7629
27.01.2023,00.00,978,EUR,1,Євро,39.8433
28.01.2023,00.00,978,EUR,1,Євро,39.8433
29.01.2023,00.00,978,EUR,1,Євро,39.8433
30.01.2023,00.00,978,EUR,1,Євро,39.7482
31.01.2023,00.00,978,EUR,1,Євро,39.8762
01.02.2023,00.00,978,EUR,1,Євро,39.5947
02.02.2023,00.00,978,EUR,1,Євро,39.8323
03.02.2023,00.00,978,EUR,1,Євро,40.1724
04.02.2023,00.00,978,EUR,1,Євро,40.1724
05.02.2023,00.00,978,EUR,1,Євро,40.1724
06.02.2023,00.00,978,EUR,1,Євро,39.9859
07.02.2023,00.00,978,EUR,1,Євро,39.4045
08.02.2023,00.00,978,EUR,1,Євро,39.1485
09.02.2023,00.00,978,EUR,1,Євро,39.2564
10.02.2023,00.00,978,EUR,1,Євро,39.3826
11.02.2023,00.00,978,EUR,1,Євро,39.3826
12.02.2023,00.00,978,EUR,1,Євро,39.3826
13.02.2023,00.00,978,EUR,1,Євро,39.0644
14.02.2023,00.00,978,EUR,1,Євро,39.0973
15.02.2023,00.00,978,EUR,1,Євро,39.3405
16.02.2023,00.00,978,EUR,1,Євро,39.1229
17.02.2023,00.00,978,EUR,1,Євро,39.1046
18.02.2023,00.00,978,EUR,1,Євро,39.1046
19.02.2023,00.00,978,EUR,1,Євро,39.1046
20.02.2023,00.00,978,EUR,1,Євро,38.8377
21.02.2023,00.00,978,EUR,1,Євро,39.0242
22.02.2023,00.00,978,EUR,1,Євро,38.984
23.02.2023,00.00,978,EUR,1,Євро,38.9328
24.02.2023,00.00,978,EUR,1,Євро,38.8231
25.02.2023,00.00,978,EUR,1,Євро,38.8231
26.02.2023,00.00,978,EUR,1,Євро,38.8231
27.02.2023,00.00,978,EUR,1,Євро,38.6402
28.02.2023,00.00,978,EUR,1,Євро,38.611
01.03.2023,00.00,978,EUR,1,Євро,38.8231
02.03.2023,00.00,978,EUR,1,Євро,39.0754
03.03.2023,00.00,978,EUR,1,Євро,38.7847
04.03.2023,00.00,978,EUR,1,Євро,38.7847
05.03.2023,00.00,978,EUR,1,Євро,38.7847
06.03.2023,00.00,978,EUR,1,Євро,38.8048
07.03.2023,00.00,978,EUR,1,Євро,38.9126
08.03.2023,00.00,978,EUR,1,Євро,39.0132
09.03.2023,00.00,978,EUR,1,Євро,38.5671
10.03.2023,00.00,978,EUR,1,Євро,38.6201
11.03.2023,00.00,978,EUR,1,Євро,38.6201
12.03.2023,00.00,978,EUR,1,Євро,38.6201
13.03.2023,00.00,978,EUR,1,Євро,38.7426
14.03.2023,00.00,978,EUR,1,Євро,39.1046
15.03.2023,00.00,978,EUR,1,Євро,39.2728
16.03.2023,00.00,978,EUR,1,Євро,38.6183
17.03.2023,00.00,978,EUR,1,Євро,38.717
18.03.2023,00.00,978,EUR,1,Євро,38.717
19.03.2023,00.00,978,EUR,1,Євро,38.717
20.03.2023,00.00,978,EUR,1,Євро,38.8523
21.03.2023,00.00,978,EUR,1,Євро,39.1485
22.03.2023,00.00,978,EUR,1,Євро,39.4228
23.03.2023,00.00,978,EUR,1,Євро,39.4264
24.03.2023,00.00,978,EUR,1,Євро,39.7665
25.03.2023,00.00,978,EUR,1,Євро,39.7665
26.03.2023,00.00,978,EUR,1,Євро,39.7665
27.03.2023,00.00,978,EUR,1,Євро,39.3076
28.03.2023,00.00,978,EUR,1,Євро,39.3899
29.03.2023,00.00,978,EUR,1,Євро,39.6111
30.03.2023,00.00,978,EUR,1,Євро,39.6989
31.03.2023,00.00,978,EUR,1,Євро,39.7812
01.04.2023,00.00,978,EUR,1,Євро,39.7812
02.04.2023,00.00,978,EUR,1,Євро,39.7812
03.04.2023,00.00,978,EUR,1,Євро,39.7373
04.04.2023,00.00,978,EUR,1,Євро,39.761
05.04.2023,00.00,978,EUR,1,Євро,39.8653
06.04.2023,00.00,978,EUR,1,Євро,40.0152
07.04.2023,00.00,978,EUR,1,Євро,39.9146
08.04.2023,00.00,978,EUR,1,Євро,39.9146
09.04.2023,00.00,978,EUR,1,Євро,39.9146
10.04.2023,00.00,978,EUR,1,Євро,39.9146
11.04.2023,00.00,978,EUR,1,Євро,39.825
12.04.2023,00.00,978,EUR,1,Євро,39.8835
13.04.2023,00.00,978,EUR,1,Євро,39.9421
14.04.2023,00.00,978,EUR,1,Євро,40.2639
15.04.2023,00.00,978,EUR,1,Євро,40.2639
16.04.2023,00.00,978,EUR,1,Євро,40.2639
17.04.2023,00.00,978,EUR,1,Євро,40.4174
18.04.2023,00.00,978,EUR,1,Євро,40.1432
19.04.2023,00.00,978,EUR,1,Євро,40.1066
20.04.2023,00.00,978,EUR,1,Євро,39.9677
21.04.2023,00.00,978,EUR,1,Євро,40.0664
22.04.2023,00.00,978,EUR,1,Євро,40.0664
23.04.2023,00.00,978,EUR,1,Євро,40.0664
24.04.2023,00.00,978,EUR,1,Євро,40.1505
25.04.2023,00.00,978,EUR,1,Євро,40.2291
26.04.2023,00.00,978,EUR,1,Євро,40.2858
27.04.2023,00.00,978,EUR,1,Євро,40.3918